{"cameraMode":{"drawMode":1,"name":"Wireframe","section":"Shading Mode"},"sceneLighting":false,"audioPlay":false,"sceneViewState":{"m_AlwaysRefresh":false,"showFog":true,"showSkybox":false,"showFlares":true,"showImageEffects":true,"showParticleSystems":true,"showVisualEffectGraphs":true,"m_FxEnabled":true},"in2DMode":false,"pivot":{"x":-0.8470861315727234,"y":1.3397220373153687,"z":-2.384185791015625e-7},"rotation":{"x":0.039822548627853397,"y":-0.05692378059029579,"z":0.0022723423317074777,"w":0.9975816607475281},"size":3.4041361808776857,"orthographic":false}