{"cameraMode":{"drawMode":0,"name":"Shaded","section":"Shading Mode"},"sceneLighting":false,"audioPlay":false,"sceneViewState":{"m_AlwaysRefresh":false,"showFog":true,"showSkybox":false,"showFlares":true,"showImageEffects":true,"showParticleSystems":true,"showVisualEffectGraphs":true,"m_FxEnabled":true},"in2DMode":false,"pivot":{"x":-3.8743019104003908e-7,"y":2.049999713897705,"z":0.28000134229660036},"rotation":{"x":0.1433534324169159,"y":0.30908527970314028,"z":-0.04718860611319542,"w":0.9389801621437073},"size":2.9830844402313234,"orthographic":true}