{"cameraMode":{"drawMode":0,"name":"Shaded","section":"Shading Mode"},"sceneLighting":false,"audioPlay":false,"sceneViewState":{"m_AlwaysRefresh":false,"showFog":true,"showSkybox":false,"showFlares":true,"showImageEffects":true,"showParticleSystems":true,"showVisualEffectGraphs":true,"m_FxEnabled":true},"in2DMode":false,"pivot":{"x":-1.69679856300354,"y":1.8776311874389649,"z":0.0006129592657089233},"rotation":{"x":0.16672271490097047,"y":0.625839114189148,"z":-0.13929322361946107,"w":0.7490841150283814},"size":1.289957880973816,"orthographic":true}