{"cameraMode":{"drawMode":0,"name":"Shaded","section":"Shading Mode"},"sceneLighting":true,"audioPlay":false,"sceneViewState":{"m_AlwaysRefresh":false,"showFog":true,"showSkybox":true,"showFlares":true,"showImageEffects":true,"showParticleSystems":true,"showVisualEffectGraphs":true,"m_FxEnabled":true},"in2DMode":false,"pivot":{"x":18.667953491210939,"y":14.390602111816407,"z":-22.67119598388672},"rotation":{"x":0.15202541649341584,"y":0.7627703547477722,"z":-0.19395504891872407,"w":0.5978734493255615},"size":33.82484817504883,"orthographic":true}